,商品名,順位,商品価格,商品説明文,店舗URL
1,B’z SHOWCASE 2020 -5 ERAS 8820- Day1～5 COMPLETE BOX(完全受注生産限定) 【Blu-ray】 [ B'z ],1,28710,B'z 受注期間終了後以降（6/1 0:00〜）は商品特性上キャンセルはできませんのでご注意ください。ビーズ ショウケース 2020 5 エラズ 8820 デイ1 5 コンプリート ボックス ビーズ 発売日：2021年08月25日 予約締切日：2021年08月21日 (株)ビーイング 初回限定 BMXVー5045 JAN：4580740630331 [B`Z SHOWCASE 2020 ー5 ERAS 8820ー DAY1ー5] COMPLETE BOX DVD ブルーレイ ミュージック・ライブ映像,https://item.rakuten.co.jp/book/16750791/
2,【ogyadoki×OMNES】UV撥水 シワ加工 袖ボリュームパーカー ROOMコラボ UVパーカー UVカット UV対策 紫外線対策 春夏 ロング丈 レディース フリーサイズ 長袖 オギャドキパーカー ハプティック,2,4950,《 ogyadoki × OMNES 》オギャドキ × オムネス UV撥水 シワ加工 袖ボリュームパーカー 商品詳細 amebaブログやInstagram、楽天ROOM等で圧倒的な人気を誇るオギャ子さんとドキ子さん（yukiさん）お二人とのコラボ商品。 日焼けしたくないけどオシャレもしたいっ！！ サッと羽織るだけでOKのUV撥水パーカー。 紫外線遮蔽率は85-90％以上！ 突然の雨にも嬉しい撥水加工。 後ろの裾部分をドローコードで絞ることにより、ふんわりバルーン仕様になります。 首元までしめる事ができるので、デコルテラインの紫外線対策もバッチリです。 横から見ても可愛い後ろフレアパターンで、スポーティーに見えがちなパーカーも可愛く仕上げています。 裾にむけて広がっているAラインデザインなので、サッと羽織ってもゆとりあるサイジングになっています。 ■素材 レーヨン80％　ナイロン20％ ■サイズ 前着丈：65.5 / 後着丈：75 / 身幅：59 / 肩幅：51 / 袖丈：55 / 袖口幅：11.5 / 前裾幅：69 / 後裾幅：80 ■カラー 001-ホワイト003-ライトグレー033-ベージュ160-ホワイト×グレー ※モデル着用画像は撮影環境により実物の色と異なって見える場合がございます。 ※ご覧の端末のモニター設定によっては実物の色味と異なって見える場合がございます。 &gt;&nbsp;お買い上げの際の注意事項はこちら &gt;&nbsp;サイズの測り方はこちら &gt;&nbsp;お洋服の洗濯表示についてはこちら,https://item.rakuten.co.jp/haptic/1521-7040/
3,【仙台城下絵図風呂敷　安政補正改革仙府絵図（令和版） 超撥水加工　解説本付き】仙台 宮城 仙台城 青葉城 伊達政宗 江戸 昔 古地図 古絵図 街歩き 懐かしい レトロ,3,6930,第2期で受注は終了します完全受注生産！第2期／4月30日〆切5月末に商品お届け 完売間近の【安政補正改革仙府絵図（令和版）】が 新たに超撥水風呂敷となって再登場！ ●受注生産 第1回締め切り 3月31日／4月下旬商品発送（受付終了しました） ●受注生産 第2回締め切り 4月30日／5月下旬商品発送（受付終了しました） 江戸時代末期の仙台城下絵図を参考に、令和時代に再現したマップをデザインした風呂敷です。 細部まで文字を読み込むことができるほどの高いクオリティ。風の時編集部がこだわり抜いた、他にはない完全オリジナル超撥水風呂敷です。 &#12213;呂敷としての&#12132;途以外にも、敷物やタペストリーなど使い道はさまざま。海外の&#12101;へのお&#12063;産にも秀逸な一品です。 ・大切な皮バッグを濡らさないように ・水滴のついた食材を運ぶエコバックに ・温泉やプールに出かける際に ・お子さまの食べこぼしに、首元に巻いたりテーブルに敷いたり ・レジャーシートに ・突然の雨、広げてかぶれば傘代わりに ・そしてもちろん、街歩きのお供に 【「超撥水風呂敷」とは】 織物の町・群馬県桐生市の老舗企業「朝倉染布株式会社」が生んだ超撥水風呂敷のブランド「ながれ」。布の表面ではなく、繊維一本ずつに施されているため、生地の裏表両面が水をはじき、布面を水滴がコロコロと転がるほどの撥水力です。しかも通気性が保たれているため、ムレないので、スカーフやひざ掛けにもお使いいただけます。また、包んだものを水から守るだけでなく、水を漏らさずに包むこともできます。端を結んでバッグ状にすれば、10リットルもの水を運ぶことが可能で、防災にも役立ちます。汚れたら洗濯でき、しかも洗濯を100回以上繰り返しても撥水性能を保持し続けます。 サイズ：96cm × 96cm 素材：ポリエステル100% 加工：超撥水加工（日本製） 企画・販売：風の時編集部 絵図製作・所蔵：厚綿広至（グラフィックデザイナー／家紋姓氏研究家） 製造：朝倉染布株式会社 ※製造工程上、実際の絵柄には多少の印刷ズレが発生する場合がございます。ご了承ください。 ※サイズが多少異なる場合があります。 ※家庭用の洗濯機で他の衣類と一緒に洗濯しても問題ありません。ただし、柔軟剤の使用は撥水機能の妨げとなりますのでお避けください。 ※洗剤には吸水性がありますので洗剤を付けると撥水機能は一時停止します。湯又は水で洗剤をすすぎ落としますと撥水機能は元に戻ります。 ※漂白剤を使用すると撥水機能が劣化してしまうので使用しないでください。 仙台　仙臺　せんだい　仙台城　青葉城　伊達政宗　宮城　お土産　仙台土産　古地図　古絵図　街歩き　まち歩き　まちあるき　ブラタモリ　江戸　明治　大正　昭和　なつかし　懐かしい　レトロ　雨　豪雨　梅雨　レインコート　ポンチョ　野外　通学　通勤　レジャー　アウトドア　トレッキング　フェス　防水 撥水　超撥水　カッパ　かっぱ　雨合羽　雨具風の時編集部 古絵図風呂敷 第2弾！今度は超撥水！,https://item.rakuten.co.jp/kazenotoki/10000021/
4,キッズ レインブーツ スノーブーツ キッズ ジュニア 長靴【OMNES】 13cm 14cm 15cm 16cm 17cm 18cm 19cm 20cm 21cm 22cm 北欧カラー 女の子 男の子 レインシューズ 雨靴 雪 通園 通学 HAPTIC ハプティック,4,1672,《 OMNES 》オムネス キッズ ラバーレインブーツ 商品詳細 シンプルかつシックなデザインのキッズ用レインブーツ。 雨の日も楽しくなるお勧めの1足です。 靴底の滑り止めなど、お子様の安全に配慮した設計になっています。 オムネスの長靴は、安価な合成ゴムではなく、天然のゴムを使用しております。 加工性が良好で、引張強さ、弾性、耐摩耗性耐寒性に優れ、動的発熱が小さいなどの特長があり天然ゴムの持つ弾性はずば抜けています。 ■素材 天然ゴム ■サイズ 【13cm】 筒周り(内側)：21 / 筒丈：12.5 / 甲幅：12 【14cm】 筒周り(内側)：21.5 / 筒丈：13.5 / 甲幅：12.5 【15cm】 筒周り(内側)：22.5 / 筒丈：14.5 / 甲幅：12.5 【16cm】 筒周り(内側)：24.5 / 筒丈：16 / 甲幅：13 【17cm】 筒周り(内側)：25.5 / 筒丈：17.5 / 甲幅：13.5 【18cm】 筒周り(内側)：26.5 / 筒丈：18 / 甲幅：14 【19cm】 筒周り(内側)：28 / 筒丈：18.5 / 甲幅：14 【20cm】 筒周り(内側)：29 / 筒丈：20 / 甲幅：14.5 【21cm】 筒周り(内側)：30 / 筒丈：20 / 甲幅：14.5 【22cm】 筒周り(内側)：31 / 筒丈：21 / 甲幅：15 ■カラー 004-グレー014-サーモンピンク030-ブラウン054-カーキ061-モスグリーン075-ネイビー080-パープル083-ラベンダー ※モデル着用画像は撮影環境により実物の色と異なって見える場合がございます。 ※ご覧の端末のモニター設定によっては実物の色味と異なって見える場合がございます。 &gt;&nbsp;お買い上げの際の注意事項はこちら &gt;&nbsp;サイズの測り方はこちら &gt;&nbsp;お洋服の洗濯表示についてはこちら,https://item.rakuten.co.jp/haptic/1519-3001/
5,【2箱購入で15%OFF】炭酸水 500ml 24本 送料無料 強炭酸 無糖 ZAO SODA プレーン レモン ライフドリンクカンパニー LDC,5,1598,★期間限定★ 48本 (2箱)以上の購入でさらにオトク！15％OFFクーポン配布中！！ 名峰・蔵王連峰山麓の地下水を使用した、強炭酸水です。 おいしい水を、すっきりさわやかで爽快な飲み心地に仕上げました。 健康的な毎日の飲み物として、ハイボールやソーダ割りなどの割り材として、さまざまな用途にお使い頂けます。 500ml（ミリリットル）24本入り1ケースの販売ページです。 全国送料無料でお届けします。 名称 炭酸飲料 原材料名 水／炭酸、香料（レモン・ピンクグレープフルーツのみ） 内容量 ペットボトル（500ml）×24本 賞味期限 製造後6か月（キャップに記載） 保存方法 直射日光、高温を避けて保存してください。 製造者 株式会社ライフドリンクカンパニー大阪府大阪市北区梅田3-3-10 製造工場 株式会社ライフドリンクカンパニー蔵王工場 栄養成分 エネルギー　0kcal ／ たんぱく質　0g脂質　0g ／ 炭水化物　0g ／ 食塩相当量　0.01g,https://item.rakuten.co.jp/lifedrinkcompany/zaosoda-500/
6,【4時間限定　最大35.5倍】 リファファインバブルS ReFa FINE BUBBLE S シャワーヘッド ウルトラファインバブル マイクロバブル 美容 節水 頭皮 毛穴汚れ うるおい 水流 MTG 正規品,6,30000,,https://item.rakuten.co.jp/mtgec-beauty/3939520101/
7,【4時間限定！10％OFF・送料無料】【CICAデイリースージングマスク (30枚入り) 】シートマスク マスクパック デイリーマスク シカ 鎮静 潤いスキンケア パック フェイスパック コスメ 保湿 大容量 シートマスク 韓国コスメ 自宅エステ おうち美容【VT公式】_AD,7,2178,"商品情報 製品名 VTシカデイリースージングマスク VT CICA DAILY SOOTHING MASK 商品説明 乾燥して疲れた肌にうるおいを届けて肌を鎮静するデイリースペシャルマスク。 濃密なうるおいで一日一回　うるおい補給＋鎮静ケア＋エネルギーチャージ 簡単にスキンケアできる大容量デイリーマスクで、朝・夜に簡単にケア！ VT独自成分を配合して水分&鎮静ケア、油・水分バランスを整えて穏やかな肌へ。 ブランド VT cosmetics 原産国 韓国 商品区分 化粧品 容量 30枚 使用期間 開封前：24ヶ月　個包装開封後：12ヶ月 使用方法 1．洗顔後、化粧水で肌をととのえます。 2．フタを開けてミニピンセットで一枚を取り出します。 3．顔に均一に密着させ、10−15分後にとって 　残りの美容液はやさしくタッピングしてなじませます。 製品使用上注意事項 1.お肌に異常が生じていないかよく注意して使用してください。化粧品がお肌に合わないとき即ち次のような場合には、使用を中止してください。そのまま使用を続けますと、症状を悪化させることがありますので、皮膚科専門医等にご相談されることをおすすめします。 (1)使用中、赤味、はれ、かゆみ、刺激、色抜け(白斑等)や黒ずみ等の異常があらわれた場合 (2)使用したお肌に、直射日光があたって上記のような異常があらわれた場合 2.傷やはれもの、しっしん等、異常のある部位にはお使いにならないでください。 3.目に入った時は、直ちに洗い流してください。 4.保管及び取扱い上の注意 (1)開封後はお早めにご使用ください。 (2)乳幼児の手の届かないところに保管してください。 (3)高温又は低温の場所、直射日光のあたる場所には保管しないでください。 キーワード シートマスク マスクパック スキンケア 化粧水 シカ 鎮静 水分 うるおい しっとり ツヤ ツヤ肌 角質 皮脂 ケア 肌キメ　毛穴 引き締め バランスケア ツルツル 乾燥肌 敏感肌 低刺激 おこもり美容 化粧品 コスメ 韓国コスメ デイリーマスク シカ 鎮静 潤いスキンケア パック シートマスク フェイスパック フェイスマスク コスメ 保湿 大容量 韓国コスメ 化粧水 自宅エステ おうち美容 vt コスメ vt シカ cica 全成分 水、グリセリン、DPG、1,2-ヘキサンジオール、カプリン酸ポリグリセリル-4、 プロパンジオール、カプリリルグリコール、ダイウイキョウ果実エキス、トレハロース、 グレープフルーツ種子エキス、ヒアルロン酸Na、アルギニン、パンテノール、 エチルヘキシルグリセリン、ツボクサエキス、マデカッソシド、マデカシン酸、 アシアチコシド、アシアチン酸、プロポリスエキス、カルボマー、キサンタンガム、 EDTA-2Na、グリチルリチン酸2K、BG、ハチミツエキス、スベリヒユエキス、 ローヤルゼリーエキス、カミツレ花エキス、フルクタン、キシリチルグルコシド、 無水キシリトール、キシリトール、グルコース、グリシン、セリン、グルタミン酸、 アスパラギン酸、ロイシン、アラニン、リシン、アルギニン、チロシン、フェニルアラニン、 トレオニン、プロリン、バリン、イソロイシン、ヒスチジン、メチオニン、システイン、 香料 広告文責 VT Cosmetics, 23, Samseong-ro 76-gil, Gangnam-gu, Seoul, Republic of Korea 827049156580 販売元 株式会社　VT Japan 注意事項 ・当店でご購入された商品は、原則として、「個人輸入」としての取り扱いになり、韓国のソウルからお客様のもとへ直送されます。 ・個人輸入される商品は、全てご注文者自身の「個人使用・個人消費」が前提となりますので、ご注文された商品を第三者へ譲渡・転売することは法律で禁止されております。 ・関税・消費税が課税される場合があります。詳細はこちらにご確認下さい。",https://item.rakuten.co.jp/vtcosmetic-official/p00000dqsm/
8,※まとめ買い不可※ パンパース パンツ ウルトラジャンボ P＆G(3個パック)【パンパース】[紙おむつ],8,4662,お店TOP＞おむつ（パンツタイプ）＞おむつ・パンツタイプ＞パンパース パンツ ウルトラジャンボ＞※まとめ買い不可※ パンパース パンツ ウルトラジャンボ P＆G (3個パック)お一人様5個まで。【※まとめ買い不可※ パンパース パンツ ウルトラジャンボ P＆Gの商品詳細】●最長12時間吸収でお肌さらさらぐっすり●あかちゃんの体型に合って、モレ防止●いろんな動きでもモレを防ぐのびのびフィット採用●活発に動く赤ちゃんにぴったりです。【規格概要】表面材：ポレオレフィン不織布吸収材：ポリエステル不織布、ポリオレフィン不織布、綿状パルプ、高分子吸収材防水材：ポリオレフィンフィルム止着材：粘着テープ・ポリオレフィン伸縮材：合成ゴム結合材：ホットメルト粘着材【ブランド】パンパース【発売元、製造元、輸入元又は販売元】P＆G(プロクター＆ギャンブル)本商品購入に関して、以下2点ご了承ください。1.お届け日指定不可2.その他商品とまとめ買い不可リニューアルに伴い、パッケージ・内容等予告なく変更する場合がございます。予めご了承ください。P＆G(プロクター＆ギャンブル)651-0088 兵庫県神戸市中央区小野柄通7丁目1番18号 ※お問合せ番号は商品詳細参照広告文責：楽天グループ株式会社電話：050-5306-1825[おむつ・パンツタイプ/ブランド：パンパース/],https://item.rakuten.co.jp/netbaby/a61996xxx/
9,【クーポン配布中】 4種ナッツ 850g ミックスナッツ 無塩 有塩が選べる 素焼き ラッキーミックスナッツ ハッピーミックスナッツ 4種のミックスナッツ 送料無料 無添加 1kgより少し少ない850g アーモンド くるみ マカダミアナッツ カシューナッツ 家飲み 訳あり,9,1580,▼ 無塩・有塩が選べる ラッキーミックスナッツ850g　▼ 特徴 高級ナッツである、素煎りアーモンドとクルミ、マカダミアナッツ、カシューナッツを贅沢に絶妙なバランスで仕上げたミックスナッツです。この道のプロが「飽き」がこない絶妙なバランス配合を考えた逸品です。 名称 ミックスナッツ 原材料名 無塩：アーモンド、くるみ、カシューナッツ、マカダミアナッツ 有塩：アーモンド、くるみ、カシューナッツ、マカダミアナッツ、食塩 原産国 ・くるみ　（アメリカ） ・マカダミアナッツ　（オーストラリア、ケニア、マラウイ、南アフリカ） ・アーモンド　（アメリカ） ・カシューナッツ　（インド、ケニア、タンザニア、ベトナム） 内容量 850g 賞味期限 製造日より約185日 保存方法 直射日光、高温・多湿を避け、常温で保存下さい。 製造者 有限会社　味源（美味しさは元気の源　自然の館） TEL：0877-75-3181 お召し上がり方 そのままお召し上がりください。お子様のおやつとして、残業やドライブのおともにも。お酒のおつまみとしても最適です。 ご注意 くるみに黒いシミがある場合がございますが、くるみの渋皮が日に焼けて黒くなる現象です。商品内に入っている細かい粉は、クルミなどの渋皮によるものです。品質等に問題はございません。 当工場では、小麦、そば、卵、乳成分、落花生、エビ、カニを含む製品を製造しています。 温度帯 のし お届け方法楽天年間ランキング2020 集計日:2019年09月25日(水)〜2020年09月24日(木) 楽天市場グルメ大賞2020 2020年1月1日(水)〜2020年12月31日(木)(2021/4/8記載),https://item.rakuten.co.jp/shizennoyakata/mixnutsofaphantom-spsale/
10,メリーズ おむつ パンツ梱販売用S M L ビッグ ビッグより大 梱販売用(3個セット)【メリーズ】[オムツ 紙おむつ 赤ちゃん まとめ買い 通気性],10,4224,お店TOP＞おむつ（パンツタイプ）＞おむつ・パンツタイプ＞メリーズ＞メリーズ おむつ パンツ梱販売用S M L ビッグ ビッグより大 梱販売用 (3個セット)お一人様5個まで。【メリーズ おむつ パンツ梱販売用S M L ビッグ ビッグより大 梱販売用の商品詳細】●メリーズは素肌さらさらエアスルー●内側のふわぽこエアリーメッシュで肌さらさら！●らくらくフィットギャザーウエストがふんわり2.5倍*ものびるからはかせやすく、赤ちゃんのおなかもしめつけない！その分、腰でキュッと支えて身体にフィット。モレもしっかり防いで安心*のばす前に対して(花王調べ)●ふわぽこエアリーメッシュで肌ムレを逃がす凹凸の間をムレが通りぬけるから通気性ばつぐん！●ウエストギャザーに空気トンネル肌とギャザーの間からもムレを追い出す！●おしっこお知らせサイン2本線が青色に変わったら取り替え時●あんよバタバタ・寝返り時期に●男女共用【使用方法】赤ちゃんの体型や成長には個人差があります。下記の体重を目安にしてお子様に合うサイズをお選びください。新生児：お誕生-5kgS：4-8kgM：6-11kgL：9-14kgビッグ(XL)：12-22kgビッグより大きい：15-28kg★こんな時には、ひとつ上のサイズをお試しください。・太ももやお腹まわりがきつくなったり、ゴムの跡がつくようになったら・股上が短くなり、おへその下にくるようになったら・おしっこやうんちの量が増えてきたら【規格概要】素材表面材：ポリエステル／ポリオレフィン不織布吸水材：吸収紙／綿状パルプ／アクリル系高分子吸水材防水材：ポリオレフィン系フィルム止着材：ポリオレフィン系フィルム伸縮材：ポリウレタン結合材：スチレン系エラストマー合成樹脂など【ブランド】メリーズ【発売元、製造元、輸入元又は販売元】花王商品に関するお問合せ受付時間9：00〜12：00／13：00〜16：00(土曜・日曜・祝日除く)*製品の誤飲・誤食など緊急の場合は、受付時間外でもお電話くださいヘアケア・スキンケア用品：0120-165-692男性化粧品(サクセス)：0120-165-694ニベア・8*4：0120-165-699ソフィーナ・エスト：0120-165-691キュレル：0120-165-698洗たく用洗剤・仕上げ剤・そうじ用品・食器用洗剤：0120-165-693ハミガキ・洗口液・入浴剤・温熱シート：0120-165-696紙おむつ・生理用品・サニーナ：0120-165-695飲料(ヘルシア)：0120-165-697Sonae(そなえ)：0120-824-450ペットケア：0120-165-696リニューアルに伴い、パッケージ・内容等予告なく変更する場合がございます。予めご了承ください。花王103-8210 東京都中央区日本橋茅場町1-14-10 ※お問合せ番号は商品詳細参照広告文責：楽天グループ株式会社電話：050-5306-1825[おむつ・パンツタイプ/ブランド：メリーズ/],https://item.rakuten.co.jp/netbaby/a62173xxx/
11,《ポイント5倍》【即納】《最安値挑戦中★》除湿機 コンプレッサー式 コンパクト コンプレッサー DCE-6515除湿器 部屋干し コンプレッサー式 コンパクト 衣類乾燥 小型 衣類乾燥除湿機 湿気 室内物干し 室内干し パワフル 静音 省エネ アイリスオーヤマ 梅雨,11,15800,※型番RCA-6500の商品が届く場合がございますが、 商品仕様はDCE-6515と同じです。 シンプルな操作ボタンで簡単操作ができる衣類乾燥除湿機です。 乾きにくい部屋干しもすばやく乾燥するので、生乾き臭対策に最適です。 止め忘れの心配がないタイマー（2・4・8時間）付き。 ハンドルが付いているので、持ち運びが簡単です。●商品サイズ（cm）：幅約29.0x奥行約19.0x高さ約47.7 ●重量：約9.3kg ●電源：AC100V（50/60Hz共用） ●定格消費電力 50Hz：155W 60Hz：175W ●定格除湿能力※ 50Hz：5.5L/日 60Hz：6.5L/日 ※定格除湿機能力は、室温27℃、相対湿度60％を維持し続けたときの、1日（24時間）あたりの除湿量です。 ●除湿可能面積の目安 50Hz：木造：7畳(12m2)、 プレハブ：11畳(18m2)、鉄筋：14畳(23m2) 60Hz：木造：8畳(13m2)、 プレハブ：12畳(20m2)、鉄筋：16畳(26m2) ※除湿可能面積の目安は、JEMA(日本電機工業会）規格に基づいた数値です ●タンク容量：約1.8L ●コードの長さ：約1.8m ●材質：ABS樹脂、ポリプロピレン 当店おすすめ特集/ ★ご注文前のよくある質問についてご確認下さい★,https://item.rakuten.co.jp/enetroom/530046/
12,特典付き BALMUDA ワイヤレススピーカー bluetooth 高音質 スマートフォンバルミューダ ザ・スピーカー BALMUDA The Speaker M01A-BK【あす楽14時迄】送料無料 P5倍おしゃれ コードレス イルミネーション◇ポータブル 大音量 小型 iPhone Android ギフト F,12,35200,"ギフト対応 ブランド BALMUDA / バルミューダ サイズ (約)幅10.5×奥行10.5×高さ18.8cmコード長：約1m 重　さ 約1kg(内蔵バッテリー含む) 素　材 台座部：ABSスピーカー部：ABS、鉄透明パイプ部：アクリル金属パイプ部：SUS、真鍮 電　源 DC5V、リチウムイオンポリマーバッテリーを使用 消費電力 最大15W、待機時0.15W 充電時間 約2.5時間 連続使用時間 約7時間 スピーカー部 直径77mm フルレンジ エンクロージャー方式 密閉型 アンプ部最大出力 8W 動作温度 0〜40℃ 外部入力端子(AUV) 3.5mmステレオミニジャック Bluetooth 仕様 通信方式：バージョン5.0出力：Power Class2対応コーデック：SBC最大通信距離：約10m使用周波数帯域：2.4GHz帯対応プロファイル：A2DP、AVRCPコンテンツ保護：対応(SCMS-T方式)伝送帯域(A2DP)：20〜20,000Hz 機　能 音楽再生機能BluetoothまたはAUX接続、音量設定10段階LiveLight機能3 段階（Beat、Ambient、Candle）※消灯機能なし自動電源OFF機能無音・無操作の状態で4時間（バッテリー駆動時）または8時間（ACアダプター接続時）経過 付属品 ACアダプター×1、取扱説明書×1、スタートガイド×1 保証期間 お買い上げから1年間 パッケージ 化粧箱：(約)幅14.2×奥行14.2×高さ26.2cm※パッケージは予告なく変更する場合があります。 ■商品名 バルミューダ ザ・スピーカー BALMUDA The Speaker M01A-BK ■特典 ポイント5倍 送料無料 ■テイスト おしゃれ シンプル ■用途・シーン ワイヤレススピーカー bluetooth 高音質 スマートフォン アウトドア 小型 iPhone Android ギフト コードレス イルミネーション ポータブル ■JANコード 4560330118234そこはまるでライブステージのような臨場感目と耳で音楽を楽しめる美しいスピーカー BALMUDA The Speaker (バルミューダ ザ・スピーカー) は、ライブステージの臨場感を再現したかのようなスピーカーです。サウンドはまるでボーカルが目の前にいるかのように耳に届き、音楽のグルーブに合わせて動くLEDのイルミネーションショーは見るものを魅了します。 スピーカーは低音を強調しすぎず、ボーカルを引き立たせるチューニング処理を施しております。低音は足元から、高音は頭上から、そしてボーカルは目の前から聴こえてくるような、アーティストが作ったサウンドをほぼ再現したかのような臨場感ある音響設計に。ドライバーユニットは上向きに搭載することにより、スピーカーの前、横、後ろ、どこにいても同じように聴こえる、360°響き渡る真の無指向性サウンドを実現。またパワフルな77mmフルレンジドライバーによるシームレスなサウンドが楽しめます。輪郭のあるサウンドを生み出す密閉型エンクロージャーも搭載。　 楽曲に合わせてライブステージのように輝かせる LiveLight機能 &nbsp;LiveLight機能 により、まるでライブステージの照明演出のように、楽曲に合わせてLEDユニットが明減をリズミカルに繰り返します。AIによるシステムで0.004秒の速さで音と同期し、いきいきとした照明効果は曲調に合わせてダイナミックにも、ロマンティックにも光の動きで見るものを魅了します。毎度新鮮な驚きを与えてくれるイルミネーションショーは上品な輝きでおとなの時間を贅沢なものに。　 ↑この動画には音声がついています。 コードレス＆ポータブルサイズがライフスタイルに寄り添います。 片手でつかめるポータブルなサイズ感で音の欲しいところに、どこへでも持って行けます。満充電で最大7時間のコードレス使用が可能となっております。もちろん付属のACアダプターで電源供給しながらの使用も可能。 LiveLight機能 による照明効果は音楽に合わせて光が動かないキャンドルモードにも設定できます。スピーカーを食卓の真ん中に置けば、キャンドルのように輝く光と、どこの席に座っても同じ質で聴こえる音楽で、素敵なディナーを演出してくれることでしょう。 LiveLight機能 は、バラードのような優しい曲なら優しい動きに、ロックのようなエネルギッシュな曲なら力強く、楽曲の雰囲気や構成を、AIが自動解析し、それぞれの楽曲にぴったりな照明演出をしてくれるので。毎度新鮮な驚きを与えてくれます。 スタイリッシュなデザインも家電っぽくもなく、インテリア性の高い佇まいです。 操作ボタンも少なく、誰にでもかんたんなユニバーサルデザインとなっております。音楽好きな大切な方への贈り物にも最適です。",https://item.rakuten.co.jp/plywoodfurniture/14939014/
13,コンプレッサー式 除湿機 除湿器 湿気対策 除湿乾燥機 乾燥器 乾燥機 空気清浄 マイナスイオン コンパクト 結露 梅雨 部屋干し 室内干し おしゃれ カビ対策 洗濯物 衣類乾燥,13,16800,現在ご注文が殺到しており、お届けまでに若干のお時間がかかります。誠に申し訳ございません。 ・5/20頃入荷分：完売 ・5/29頃入荷分：完売 ・6/10〜15日頃入荷分：完売 ・6/17〜25日頃入荷分：在庫有（現在ご予約受付中） ※沖縄県への配送では追加送料がかかります。 ※配送はヤマト運輸になります（配送時期や地域により佐川急便になる場合もありますので予めご了承ください） ※梱包材は輸送時に商品を保護するためのものです。輸送時の汚れ、破れ等も考えられますが、商品に傷等が見られない場合は返品・交換はできかねます。 商品詳細 商品名 空気清浄機能付き除湿機 梱包サイズ 約W344×D264×H555mm 商品サイズ 約W280×D200×H500mm 電源電圧 100-110V 50/60Hz 消費電力 185W（60Hz）153W（50Hz） タンク容量 2.0L 除湿能力 最大13.5L/日（60Hz）12.8L/日（50Hz）※室温30℃　相対湿度80％の場合 最大9L/日（60Hz）8.5L/日（50Hz）※室温27℃　相対湿度60％の場合 材質 ABS樹脂（外装） 重量 本体：約12kg、梱包重量：約13kg コード長さ 約1.8m 付属品 取扱説明書　排水ホース、活性炭フィルタ（予備） 輸入者（メーカー） 株式会社ネオリード　群馬県館林市大谷町904-6 生産国 中国 備考 【お願い】 1、こちら転売目的でのご購入はお断りいたします。 2、インポート商品につき、多少の汚れ等見られる場合がございます。その点ご理解いただきご注文をお願い致します。 3、個人使用向け商品ですので、業務用としてのご使用はご遠慮ください。 ※活性炭フィルターは吸着型のフィルターになります。ウイルスや微細なホコリ等を取り除く為のものではありません。あらかじめご了承ください。 商品補足 検索用：コンプレッサー式 除湿器 除湿力 1日13.5L 除湿器 除湿乾燥機 乾燥器 乾燥機 空気清浄 マイナスイオン コンパクト コンプレッサー 湿気対策 結露 梅雨 部屋干し 室内干し カビ対策 洗濯物 衣類乾燥 チャイルドロック 静か 静音 オシャレ おしゃれ シンプル 家電 カビ対策 湿気 部屋 小型 大容量 脱衣所 浴室 玄関 室内 生活 省エネ 押入れ クローゼット マンション 衣類乾燥除湿機 ホワイト 多機能 連続排水 おすすめ オススメ 人気 ランキング シンプル家電,https://item.rakuten.co.jp/neolead/nl-jsk10/
14,＼MAX45.5倍／フードプロセッサー 離乳食 おろし ミキサー 氷も砕ける【当日発送14時まで】特典付 送料無料 P10倍レコルト カプセルカッター ボンヌ [RCP-3]recolte Capsule Cutter Bonneスムージー おしゃれ,14,7150,"ギフト対応 ■ブランド 　recolte ■サイズ 　(約)幅12.4×奥行11.7×高さ23.4cm　コード長：約1m ■重　さ 　約1.1kg ■素　材 　本体、おろし、泡立てプレート：ABS樹脂　ブレード：ステンレス　カップ、カバー：トライタン樹脂　シャフト：ナイロン樹脂　スパチュラ：ポリエチレン ■容　量 　約500ml ■電　圧 　100V 50/60 Hz ■消費電力 　260W ■モーター　回転数 　24,000回/分(無負荷時) ■定格使用時間 　ブレード使用時：1分　(1分作動後、10分休止)　泡立て、おろしプレート使用時：2分　(2分作動後、10分休止) ■内　容 　本体×1、カップ×1、カバー×1、ブレード×1、　シャフト×1、おろしプレート×1、　泡立てプレート×1、オリジナルスパチュラ×1、　専用レシピブック×1、　取扱い説明書兼保証書×1 ■備　考 [調理できない食材]・固い材料/乾燥物(かつおぶし、乾燥大豆、コーヒー豆、朝鮮人参、乾燥昆布、穀類など)・粘り気の強いもの(じねんじょ、やまといも、つくねいも等)・水分の少ないもの(ゆでたいも類、かぼちゃは水分を加えると調理できます)・柑橘類(特に皮)柑橘類特に皮を使うと、強い酸により変色・割れなどの原因になります。 ・40℃以上の材料・生地こねなど ■ご注意 電子レンジ・食洗機使用不可ブレードで野菜・お肉・フルーツ・冷凍フルーツを撹拌する際は一口大にカットしてください。フローズンデザートを作る時や氷を砕く時は、4cm角以下の氷をご使用ください。おろしプレートを使用する場合は材料を3cm角以下にカットしてください。硬い皮・種・へた・芯などを取り除いて下さい。※2019年6月20日にモデル変更しました。「recolte カプセルカッターキャトル」の後継モデルです。旧モデルとはデザイン、付属のオプションパーツなど仕様が異なります。 ■お手入れ 　[水洗いできるもの]　カップ、カバー、シリコンパッキン、ブレード、　シャフト、おろしプレート、泡立てプレート、　オリジナルスパチュラ　[水洗い出来ないもの]　本体(含む電源プラグ、コード) ■保証期間 　お買い上げから1年間 ■パッケージ 　化粧箱：(約)幅16.2×奥行15×高さ24.4cm 約1.4kg　※仕様は予告なく変更する場合があります。 ■商品名 レコルト カプセルカッター ボンヌ recolte Capsule Cut ter Bonne [RCP-3] ■特　典 送料無料 ■カラー クリームホワイト カーマインレッド アイスブルー ■用途・シーン フードプロセッサー 離乳食 ミキサー recolte お菓子作り おしゃれ ジェラート スムージー コンパクト かき氷機 ブレンダー 母の日 父の日 結婚祝い ギフト プレゼント デザイン ■JANコード 4582180204905 4582180204912 4582180204950 こちらの商品はラッピングを承ります。お気軽にお申し付け下さい。 こちらの商品は送料無料です。本格料理の下ごしらえからデザートまで固い市販のロックアイスも砕く！1台7役のマルチカッター ステンレス製の4枚刃と、毎分24,000回転のパワフルモーターで市販のロックアイスや凍らせたフルーツなどの固い食材も粉砕できる、ハイパワーなフードプロセッサー「recolte カプセルカッター ボンヌ」の登場です。「ボンヌ」とはフランス語で「お手伝いさん」を意味します。1台でみじん切りや大根おろしなど、毎日のお調理の面倒な下ごしらえを楽にしてくれる優れもの！一台で「潰す・混ぜる・刻む・砕く・練る・泡立てる・おろす」の7役をこなします。一般的なフードプロセッサーは、固形の食材の調理に作られるため液体はNGとされてきました。ボンヌのカッ プは、液漏れ防止のシリコンパッキンで密閉しているので液体えお入れた撹拌もOK。ヘルシーなスムージーからフローズンデザートやかき氷などのスイーツまで作れちゃいます。 カップは哺乳瓶にも使われているトライタン製。離乳食作りをスタートされる方にもお勧めです。普通食を取り分けて、滑らかになるまで撹拌し食べやすいようにとろみをつけてあげると、お年寄りにも食べやすいミキサー食にもなります。お子様や高齢者のいるご家庭にもおすすめのキッチンアイテムです。",https://item.rakuten.co.jp/plywoodfurniture/20149057/
15,Cinema★Cinema (シネマシネマ) 8月号 [雑誌] SP2021Summer,15,1019,ワン・パブリッシング発売日：2021年07月01日 予約締切日：2021年05月24日 18040 JAN：4910180400810 雑誌 総合誌 その他,https://item.rakuten.co.jp/book/16753295/
16,BURN (初回盤A＋初回盤B＋通常盤セット) [ NEWS ],16,4290,NEWS ※こちらの商品は、お1人様1枚までのご注文とさせて頂いております。 複数注文は購入意思を確認させて頂きます。 また、悪質な注文と判断した際、購入意思に関わらず減数・キャンセルをさせて頂くことがございます。BKSCPN_【newcd】 ニュース 発売日：2021年06月30日 予約締切日：2021年06月26日 JAN：2100012417600 (株)ジェイ・ストーム 初回限定 (株)ソニー・ミュージックソリューションズ ＜初回盤A CD＋DVD＞ 【CD】(全3曲) 01：BURN 02：鳴神舞 (読み：なるかみ) 03：神様になりたいわけじゃない 【DVD】(約20分収録予定) ・「BURN」Music Clip & Making ＜初回盤B CD＋DVD＞ 【CD】(全3曲) 01：BURN 02：鳴神舞 (読み：なるかみ) 03：BURN (STUDIO LIVE RECORDING Ver.) 【DVD】(約26分収録予定) ・STUDIO LIVE RECORDING ＜通常盤＞ (全4曲+オリジナル・カラオケ4曲) 01：BURN 02：鳴神舞 (読み：なるかみ) 03：FLY HIGH 04：タイトル未定 A 05：BURN (オリジナル・カラオケ) 06：鳴神舞 (オリジナル・カラオケ) 07：FLY HIGH (オリジナル・カラオケ) 08：タイトル未定 A (オリジナル・カラオケ) CD JーPOP ポップス DVD・ブルーレイ付,https://item.rakuten.co.jp/book/16753217/
17,【6月1日より発送予定】【クーポンで690円】シートマスク 50%プラセンタ配合 30枚入り ホワイト オールインワン フェイスマスク シートマスク フェイスパック 日本製 　マスクパック スキンケア 美容マスク プラセンタエキス　ビタミンC 保湿,17,2090,広告文責・販売者 　株式会社クオリティファースト 　東京都港区港南2-15-1 品川インターシティA棟28階 　03-6717-6449 シートマスク全成分 水、DPG、グリセリン、トリプロピレングリコール、BG、プラセンタエキス、レシチン、アルブチン、リノール酸、リノレン酸、酢酸トコフェロール、パルミチン酸アスコルビル、グルタチオン、パルミチン酸アスコルビルリン酸3Na、フェニルエチルレゾルシノール、マグワ根皮エキス、グレープフルーツ種子エキス、PEG-60水添ヒマシ油、カルボマー、キサンタンガム、（スチレン/VP）コポリマー、エチルヘキシルグリセリン、水酸化Na、クエン酸、クエン酸Na、ダマスクバラ花油、ニオイテンジクアオイ油、パルマローザ油、ラベンダー油、グレープフルーツ果皮油、ローズマリー油 【販売名】 　オールインワンシートマスク ホワイト30SP 【内容量】 　30枚 【区分】 　化粧品 【製造国】 　日本製シートマスク メーカー希望小売価格はメーカーサイトに基づいて掲載しています,https://item.rakuten.co.jp/q1st/10000002/
18,＼タイムセール開催中!／ジャンボ餃子 40個 (5個×8パック)【送料無料】【 父の日 沸騰ワード 丸上 人気 業務用 国産 ぎょうざ ギョーザ ギョウザ 冷凍 冷凍餃子 にんにく 中華 点心 大きい 特大 ビッグ 小分け お取り寄せ グルメ ギフト まとめ買い ビール 酒 おつまみ 】,18,2480,"【まとめ買い応援クーポンプレゼント♪】 ※6,000円以上ご購入時にお使いいただけます ※9,000円以上ご購入時にお使いいただけます 名称 本手造りジャンボ餃子 内容量 1パック5個入 (40g×5個)×8パック 保存方法 冷凍-18℃以下 賞味期限 商品パッケージに記載 カロリー (100グラムあたり)184kcal アレルギー 小麦粉、ごま、豚肉、鶏肉 原材料名 キャベツ（国産）、豚肉、鶏肉、皮（小麦粉）、豚脂、ニラ、ニンニク、ごま油、澱粉、砂糖、食塩、香辛料/調味料（アミノ酸等）、酒精、（一部に小麦・ごま・豚肉・鶏肉を含む） 製造（販売）者 丸上食品工業株式会社 東京都足立区六月1-14-13 特長 1.50年以上変わらずの餃子の皮職人が真心込めて製造。 2.国産野菜、国産豚肉、鶏肉をふんだんに使用。 3.着色料は一切使用しておりません。 4.国内製造のみの食材調達。 5.餃子の皮を手で包み、食感と小麦粉の本来の美味しさを引き出します。 人気キーワード 冷凍食品 惣菜 おかず お弁当 おつまみ つまみ 自宅用 一人暮らし　仕送り おとりよせ お取り寄せグルメ 取り寄せ 取り寄せグルメ プレゼント パーティー ヘルシー お正月 こどもの日 母の日 父の日 敬老の日 学園祭 文化祭 屋台 こちらもオススメです！ ラーメン店から注文殺到の本格手作りの味わいをご自宅でたっぷり80個!焼餃子・水餃子・鍋の具にも♪【まとめ買い応援クーポンプレゼント♪】 ※6,000円以上ご購入時にお使いいただけます ※9,000円以上ご購入時にお使いいただけます ・商品は順次発送いたしておりますが、 ご注文状況により発送までお時間をいただく場合がございます。 ・当店では環境負荷軽減（エコロジー）の観点より、ペーパーレス化に取り組んでおります。 通常、お買い上げ明細書は同封しておりませんが、ご希望のお客様はご注文時に備考欄にご記入ください。 ・ご注文完了後の発送済み商品につきましては、送付先の変更は承りかねます。 尚、発送前でもタイミングにより、変更のご依頼がお受けできない場合がございます。 何卒ご了承くださいませ。 【まとめ買い応援クーポンプレゼント♪】 ※6,000円以上ご購入時にお使いいただけます ※9,000円以上ご購入時にお使いいただけます",https://item.rakuten.co.jp/marujyousyokuhin/10000000_ss/
19,レノア オードリュクス スタイル イノセント つめかえ用 特大サイズ(600ml*6袋セット)【lrm02】【ros12】【レノア オードリュクス】,19,6336,お店TOP＞日用品＞洗濯用品＞柔軟剤＞柔軟剤＞レノア オードリュクス スタイル イノセント つめかえ用 特大サイズ (600ml*6袋セット)お一人様3セットまで。【レノア オードリュクス スタイル イノセント つめかえ用 特大サイズの商品詳細】●衣類の美容液 配合。シワを防ぐ。極上の肌触り*。*レノアの中で●パリの朝6時。その蕾はゆっくりと開き始める。澄んだ空気の中で、朝露が花びらをつたう。朝の日射しに、濡れた葉が輝く。●「イノセント」はまるで、パリの朝を絵画で表現したような感覚。美しい一日の始まりを予感させます。●新配合の「衣類の美容液」成分が繊維の奥深くまで浸透。お洋服をシワやダメージから守り、美しいスタイルと肌触りをキープします。●つめかえ用 特大サイズ。通常※の約1.5倍。※レノアオードリュクスつめかえ(410ml)より【使用方法】・使用量の目安：衣料1kgに6.7ml・必ずレノアオードリュクス柔軟剤「イノセントスタイルシリーズ」のボトルにつめかえてください(他の製品や洗剤と混ざると液が固まることがあります)・つめかえる場合は、全部使い切ってからそのまま洗わずつめかえてください。【成分】界面活性剤(エステル型ジアルキルアンモニウム塩)、安定化剤、しわ防止剤、香料【注意事項】・子供の手の届くところに置かない。・認知症の方などの誤飲を防ぐため、置き場所に注意する。・用途外に使用しない。・洗剤、漂白剤などとは混ぜない。・高温や低温、および直射日光などをさけて保管する。・原液が直接、洗濯機のステンレス、ゴム部分にかからないようにする。・最後のすすぎ(本品使用時)には、水道水を使う。・小さくして捨てやすい、やわらかい素材を使用しています。・開封前の破損や液もれに注意してお取り扱いください。・窒息の原因になる可能性がありますので、容器キャップは常に固く締め、お子様が誤って口にいれないようにしてください。・生分解性の界面活性剤を使用。長期保管により固まる事がある為、お早目にご使用ください。・飲み物ではありません。・つめかえた後は、ボトルの表示をよく読んでお使いください 。【原産国】日本【ブランド】レノア オードリュクス【発売元、製造元、輸入元又は販売元】P＆G(プロクター＆ギャンブル)※説明文は単品の内容です。商品に関するお電話でのお問合せは、下記までお願いいたします。受付時間9：15-17：00(月-金曜日、祝日・年末年始を除く)衣料用洗剤・柔軟仕上げ剤：0120-021321食器用洗剤・布製品消臭剤・置き型消臭剤：0120-118226乳幼児用紙おむつ：0120-021329ヘアケア製品：0120-021327マックスファクター化粧品：0120-021325男性用・女性用グルーミング製品：0120-113937ブラウン製品(シェーバー、オーラルケア製品、脱毛器)のお問い合わせにつきましては、下記までお願いいたします。受付時間9：00-17：30(月-金曜日、祝日・年末年始を除く) 0120-136343リニューアルに伴い、パッケージ・内容等予告なく変更する場合がございます。予めご了承ください。・単品JAN：4902430892025/(/F649602/)/P＆G(プロクター＆ギャンブル)651-0088 兵庫県神戸市中央区小野柄通7丁目1番18号 ※お問合せ番号は商品詳細参照広告文責：楽天グループ株式会社電話：050-5577-5043[柔軟剤/ブランド：レノア オードリュクス/],https://item.rakuten.co.jp/rakuten24/73954/
20,【5月25日20:00〜23:59限定でポイント19倍】ドクターエア リカバリーガン RG-01 review_pre,20,9900,商品詳細 販売名リカバリーガン RG-01 型式ホワイト：RG-01 JANコードホワイト(RG-01)：4580657300846 希望小売価格&yen;9900(税込) 電源充電式（リチウムイオン充電池内蔵（7.4 V&#8194;2200 mAh）） 定格出力対応ACアダプター *2定格出力：DC5V 2A推奨※2Aを超えるものは使用しないでください。また、2A未満のものをご使用の場合、充電時間が長くなります。 タイマー約10分 振動回数レベル1：2300（±10％）回/分レベル2：2900（±10％）回/分レベル3：3500（±10％）回/分 寸法約W115×H160×D70 mm（本体のみ） 質量約620 g（本体のみ） 原材料ABS(本体、アタッチメント）、EVA（球形アタッチメントのスポンジ部） 付属品アタッチメント×4種、USBコード（Type-C）、収納ポーチ、取扱説明書（保証書付き） 充電時間※約2.5時間（満充電まで、DC5V 2A出力のアダプター使用時）*1 電池持続時間※最長 約240分（振動レベル1動作時）最短 約180分（振動レベル3動作時） 充電可能回数※約350回*1 使用環境温湿度10℃〜 35 ℃ 広告文責株式会社ドリームファクトリー　0120-672-550 製造販売元株式会社ドリームファクトリー ご注意※画面上の色は、お客様がご利用の環境により実物とは異なる場合があります。 製品の仕様およびデザインは性能・機能向上のため、予告なく変更する場合があります。 *1 実際の時間および回数は、使用環境や使用状況により異なります。 弊社推奨の使用方法にに基づきます。 *2 ACアダプターは付属しておりません。市販のUSB対応ACアダプターをご使用ください。 不正購入と判断した場合にはご注文を取り消しさせて頂く可能性がございます。また、お一人様で複数ご購入された場合、ご注文キャンセルさせて頂く可能性がございます。,https://item.rakuten.co.jp/bodyplus/rg01/
21,【5/25 20:00〜21:59 20%OFF!】【公式】アロベビー オーガニックミルクローション（ビッグボトル）（ALOBABY)【送料無料】【ベビーローション／ベビーオイル／ボディミルク／スキンケア／赤ちゃん／新生児／ベビー／保湿剤／無添加／国産／赤ちゃん／乾燥　肌】,21,4048,メーカー希望小売価格はメーカーサイトに基づいて掲載しています 商品詳細 容量 380ml 対象年齢 新生児&#12316; 使用方法 乾燥が気になるところはもちろん、赤ちゃんの顔や全身にお使いいただけるベビーローションです。ベビーローションのオーガニック植物成分がお肌をしっかり潤し、柔らかさをキープします。使用量は、赤ちゃんの手脚1本に対して5円硬貨大、腹側、背中側それぞれに500円硬貨大の量が目安です。腕なら付け根から指先へ、足なら付け根からつま先へ、と体の中心から外側へすっととなじませてください。敏感肌に悩む大人の方の毎日のオーガニック保湿アイテムとしてのご使用もお勧めです。ご使用前にはパッチテストをお願いします。 主な成分 ・オリーブ果実油：母乳に含まれる脂質に最も近いオイルだと言われており、赤ちゃんのスキンケア・ベビーマッサージに適しています。 ・シア脂：優れたうるおい効果があり、生まれたばかりの赤ちゃんの全身にシアバターでベビーマッサージをする地域もあります。 ・ホホバ種子油：複数のビタミンが含まれています。国内の有名なベビーマッサージ教室でもよく使用されています。 全成分 水、グリセリン**、オレンジ果実水*、トリ（カプリル酸／カプリン酸）グリセリル、セテアリルアルコール、オリーブ果実油*、シア脂*、ホホバ種子油*、ラベンダー花水*、ヒマワリ種子油、ツボクサエキス、イタドリ根エキス、オウゴン根エキス、カニナバラ果実エキス*、カンゾウ根エキス、タチジャコウソウ花／葉エキス*、チャ葉エキス、ラベンダー花エキス*、カミツレ花エキス、ローズマリー葉エキス、ステアリン酸グリセリル、キサンタンガム、セテアリルグルコシド、ステアロイル乳酸Na、ベヘニルアルコール、トコフェロール、BG、ベンジルアルコール、デヒドロ酢酸、ラベンダー油*、ローズマリー葉油*（*印はオーガニック栽培原料、**はオーガニック由来原料） 使用上または保管上の注意 お肌に異常が生じていないかよく注意してご使用ください。 お肌に合わないときはご使用をおやめください。お肌に傷・はれもの・湿疹等異常があるときはご使用をおやめください。 使用中、赤味、はれ、かゆみ、刺激、色抜け(白斑等)や黒ずみ等の異常があらわれた場合には、 ご使用を中止し皮膚科専門医等にご相談ください。乳幼児の手の届かないところに保管してください。 直射日光、極端に高温または低温の場所を避けて保管してください。低温時に、結晶がでることがありますが、ご使用には問題ございません。 一度温めてからご使用ください。 ECOCERT LICENSE No.328975E 広告文責 株式会社SOLIA（ 旧： 株式会社N＆O Life ）／東京都港区南青山1-1-1／03-5772-1105 メーカー 株式会社SOLIA（ 旧： 株式会社N＆O Life ） 生産国 日本 商品区分 化粧品ミルクローション(ビッグボトル）＋ベビークリームはこちら＞＞ ミルクローション(ビッグボトル）＋ベビーソープはこちら＞＞ 出産祝い特集はこちら＞＞ ALOBABY商品一覧＞＞,https://item.rakuten.co.jp/babycresco/alobaby_09_cp1/
22,B’z SHOWCASE 2020 -5 ERAS 8820- Day1～5 COMPLETE BOX(完全受注生産限定) [ B'z ],22,28710,B'z 受注期間終了後以降（6/1 0:00〜）は商品特性上キャンセルはできませんのでご注意ください。ビーズ ショウケース 2020 5 エラズ 8820 デイ1 5 コンプリート ボックス ビーズ 発売日：2021年08月25日 予約締切日：2021年08月21日 (株)ビーイング 初回限定 BMBVー5045 JAN：4580740630270 [B`Z SHOWCASE 2020 ー5 ERAS 8820ー DAY1ー5] COMPLETE BOX DVD ミュージック・ライブ映像 邦楽 ロック・ポップス,https://item.rakuten.co.jp/book/16750792/
23,クリスタルガイザー 水(500ml*48本入)【2shdrk】【クリスタルガイザー(Crystal Geyser)】,23,2280,お店TOP＞ミネラルウォーター＞海外ミネラルウォーター＞クリスタルガイザー 水 (500ml*48本入)お一人様20個まで。【クリスタルガイザー 水の商品詳細】●アメリカの定番ミネラルウォーター、クリスタルガイザー。まとめ買いに最適！●クセが少なく飲みやすいので、水分補給にそのまま飲むもよし、コーヒー・お茶などの飲料用、お米やお料理等、体に取り入れる水としていろいろな場所場面で大活躍！また、職場・学校・お店・レジャー等外出先にも持って行っていろいろな場面で使えますよ。非常時の備えとして防災グッズとあわせて備蓄しておくのもおすすめです。※採水地は2か所（オランチャ・シャスタ）ございますがお選びいただくことはできません。【クリスタルガイザー 水の原材料】水(湧水)【栄養成分】カリフォルニア・オランチャ水源(100mLあたり)エネルギー・・・0kcaLたんぱく質・・・0g脂質・・・0g炭水化物・・・0gナトリウム・・・1.91mgカルシウム・・・2.24mgマグネシウム・・・0.27mgカリウム・・・0.26mg硬度・・・67mg／Lウィード・シャスタ水源(100mLあたり)エネルギー・・・0kcaLタンパク質・・・0g脂質・・・ 0g炭水化物・・・0gナトリウム・・・1.13mgカルシウム・・・ 0.64mgマグネシウム・・・0.54mgカリウム・・・0.18mgバナジウム・・・ 5μg硬度・・・38mg／L【保存方法】・高温、直射日光をさけて保存してください。・開栓後は冷蔵庫に入れ、お早めにお飲みください。・容器のまま、加熱、凍結はしないでください。・加熱、凍結、長期保存等により白い沈殿物ができる事がありますが、天然のミネラル成分の結晶ですのでご安心ください。【注意事項】・キャップが小さく、開けづらくなっております。開封時にはプラスチック部分で指などを切らないようご注意ください。【原産国】アメリカ【ブランド】クリスタルガイザー(Crystal Geyser)【発売元、製造元、輸入元又は販売元】楽天グループ本品は並行輸入品です。パッケージ等、予告なく変更される場合がございます。予めご了承ください。賞味期限はボトル上部にSELL　BY　MM.DD.YYと記載されております。 例）10.08.20XX→20XX年10月8日まで採水地は2か所（オランチャ・シャスタ）ございますがお選びいただくことはできません。リニューアルに伴い、パッケージ・内容等予告なく変更する場合がございます。予めご了承ください。(ケース セット Crystal Geyser クリスタルカイザー 0.5L クリスタルゲイザー)/ケース//(/F206803/F200201/F221807/F214903/F201603/F233602/)/楽天グループ158-0094 東京都世田谷区玉川一丁目14番1号 楽天クリムゾンハウス050-5306-1825広告文責：楽天グループ株式会社電話：050-5306-1825[ミネラルウォーター/ブランド：クリスタルガイザー(Crystal Geyser)/],https://item.rakuten.co.jp/soukaidrink/9000009984074/
24,【ポイント最大62212円還元 5月25日(火)10:00−5月25日(火)23:59】業界初クーリング機能で痛くない光脱毛器★レビューで抑毛成分配合スクラブ＆脱毛器 収納ポーチ＋エステ券「脱毛ラボ・ホームエディション＋ファイブシェイブ セット」,24,82456,"全身脱毛実績40万人「ドクターシーラボグループの脱毛サロン・脱毛ラボ」が研究開発した大人気「家庭用光脱毛器」＆「電動除毛シェーバー」です。 ★☆★ 脱毛サロンと同じ強力パワーを実現！★☆★ 脱毛サロンの家庭用光脱毛器はこんなにスゴイ！ 1 脱毛サロンと同じ12ジュールの業務用パワー！(1平方cmメートルあたり最大2.9J/?の「業務用パワー」で最短2か月で完了！？） 2 冷却・ジェル不要！痛くない「冷却クーリング機能」！ 3 連射モード」で全身15分で完了！ 4 「高機能タッチセンサー」搭載！ 5 面倒なカートリッジ交換は不要！ 6 1回の使用で「効果を実感できた！」の声多数！ 7 どのレベルで打っても「美肌エステ効果」が得られる！ 8 どのレベルでも30万発！4割のお客様が親子でシェア！ 9 目で見て分かる「カウントディスプレイ」搭載！ 10 脱毛サロンの1/4のコスパ！71,478円(税込)で全身脱毛300回分！ 11 ボタン2つですべて完結！わかりやすい操作！ 12 軽いから腕が疲れない！超軽量277g！ ※お肌の安全のため、次に該当する方はなるべくご使用を控えてください（該当したうえでご使用された場合、自己責任になります） ・妊娠中、授乳中の方 ・医師の治療や投薬を受けている方 ・光に対して過敏症な方 ★☆★剃った毛を瞬時に吸収！★☆★ 脱毛サロンの電動除毛シェーバーはこんなにスゴイ！ 1 剃った毛を瞬時に吸い込む超吸毛ヘッド搭載でベッドやカーペットの上で除毛可能！ 2 刃が肌に直接触れない特殊刃でなでるような剃り心地を実現！ 3 純チタン加工で金属アレルギーの方も安心してご使用いただけます！ 4 乾いた肌にそのまま使えてシェービング剤など不要！ 5 5つの刃があっという間に除毛！全身5分！脱毛と合わせても20分で完了！※「通信販売法」によりインターネットショップでお買い上げいただいた商品はクーリング・オフ出来ない仕様となっておりますので、あらかじめご了承ください。 【ご注意ください】正規販売代理店でのご購入でない商品につきましては、初期不良を含めた全ての保証対象外となります。 関連キーワード:脱毛器 ムダ毛処理 フラッシュ式脱毛器 光脱毛器 ipl 光脱毛器 家庭用脱毛器 家庭用 脱毛機 男女兼用 ムダ毛ケア ムダ毛 スキンケア アンダーヘア デリケートゾーン vio ヒゲ脱毛 ひげ 髭 脇 メンズ レディース 男性 女性 美顔器 光 ヒゲ メンズ 永久にカミソリは嫌 顔 安価 女性 Iラインシート クーリング クーラー 「楽天ランキング獲得、リアルタイムランキング、家電部門1位、2019年5月25日12:30」 「楽天ランキング獲得、リアルタイムランキング、美容・健康家電部門1位、2019年5月25日12:30」 「楽天ランキング獲得、リアルタイムランキング、シェーバー・バリカン部門1位、2019年5月25日12:30」 「楽天ランキング獲得、リアルタイムランキング、脱毛器部門1位、2019年5月25日12:30」 「楽天ランキング獲得、リアルタイムランキング、ブラッシュ式脱毛器部門1位、2019年5月25日12:30」 SPUに関しまして",https://item.rakuten.co.jp/elabo-shop/dl001_set01/
25,【期間限定13500円→5999円＆100円OFFクーポン！さらに6種から選べるおまけ】乳酸菌入り牛めし15食＆糖質オフ牛めし15食の30食セット 牛めし 冷凍食品 冷凍 おかず 冷食 お惣菜 楽天総合ランキング1位 牛丼 肉 業務用 惣菜 お弁当 絶品 お試し お取り寄せグルメ 業務用,25,5999,乳酸菌入り牛めしの具（プレミアム仕様） 乳酸菌入り牛めしの具【レンジ】500wで3分20秒／600Wで3分　【湯煎】凍ったままの商品を沸騰した湯に入れ5分マイナス18度以下の冷凍保管製造年月日から冷凍保管で1年牛肉（アメリカ産）、たまねぎ（国産）、醤油（小麦・大豆を含む）、白ワイン、砂糖、食塩、たまねぎエキス、ねぎエキス、酵母エキス、植物たん白加水分解物（小麦を含む）、乳酸菌乾燥粉末（殺菌）／酒精、着色料（カラメルI）、pH調整剤、香辛料抽出物135gエネルギー 230kcal たんぱく質 11.3g 脂質 15.7g 炭水化物 9.6g 食塩相当量 2.1g（2019年7月以降&#12316;）縦17cm×横13cm×厚み約1cm【参考ワード】 冷凍食品 保存食 業務用冷凍食品 冷凍食品 おかず 訳あり 冷凍食品 セット 冷凍食品 野菜 一人暮らし 時短 冷食 時短 調理 おかず セット おかず セット 冷凍 ご飯のお供 非常食 非常食 惣菜 お惣菜 冷凍 おかず &#9656;&#9656;ゲリラセールや&#9666;&#9666;ここだけのお得情報も！&#9656;&#9656;メルマガ登録&#9666;&#9666; &#9656;&#9656;セール開始や&#9666;&#9666;ポイント UPをお知らせ！&#9656;&#9656;お気に入り登録&#9666;&#9666; 【 関連 ワード 】 お取り寄せグルメ お取り寄せ 送料無料 絶品 お試し 送料無料 ポイント消化 時短 冷凍 肉 冷凍食品業務用 一人暮らし おかず 惣菜 レンジ レンチン 簡単調理 誕生日 父 夫 子供 単身赴任 業務用 お弁当 牛丼 牛丼の具 冷凍 松屋 牛めし 牛めしの具 丼 レトルト ではなく 冷凍 30食,https://item.rakuten.co.jp/matsuya/n30/
26,"【今なら半額！クーポンで2,360円⇒1,180円】国産二十五雑穀米 雑穀 雑穀米 900g (450g×2袋) 送料無料 くまモン袋 話題の もち麦 熊本県産発芽玄米 アマランサス お取り寄せ お取り寄せグルメ sale セール《3-7営業日以内に出荷予定(土日祝日除く)》",26,2360,名称 穀物 内容 国産二十五雑穀米900g(450g×2袋) 原材料名 丸麦、青肌玄米、もち黒米、胚芽押麦、もち玄米、もち赤米、もち麦、米粒麦、挽き割り大豆、挽き割りとうもろこし、発芽もち玄米、黒千石、えごま、発芽もち黒米、アマランサス、たかきび、はと麦、うるちあわ、挽き割り青大豆、挽き割り小豆、ひえ、緑米、もちあわ、もちきび 賞味期限 枠外下部に記載 販売者 株式会社コムセンス CD 熊本県熊本市西区田崎町484-29 096-288-4426 保存方法 直射日光・高温多湿を避けて常温にて保存してください。 配送方法 メール便でお届けさせていただきます。※【宅配便での発送の場合】ご不在時に宅配ボックスへの投函をご希望の方は、お手数ですがご注文時にお届け日指定欄の右端にある 変更ボタンをクリックいただき「自由記入欄」にご記入くださいませ。 送料 送料無料 同梱について ※同梱可能商品との同梱配送を希望される場合、送料無料特典のある商品との同梱の場合は送料無料となります。 お届け日の目安 《3-7営業日以内に出荷予定(土日祝日除く)》 メール便による配送になりますので、 出荷してから到着まで4日〜10日間程、お時間がかかります。 予めご了承くださいませ。 到着日・時間帯指定について メール便にて配送となる場合には、到着日時の指定は出来ません。予めご了承下さいませ。 お支払い方法 ■クレジットカード（手数料無料） ■銀行振込（前払入金／手数料：お客様ご負担） ■セブンイレブン前払い（手数料：無料） ■ローソン、郵便局ATM等 前払い（手数料：無料） ■コンビニ後払い（手数料：250円） ※メール便での配送となりますため、代引きは不可となります。 →【お支払について】詳しくはこちら 納品書等の同封について 当店では、資源保護の観点から、納品書、請求書、 領収書の同封は行っておりません。 ※納品書等をご希望の方は、お手数ですがご注文時に備考欄（注文STEP3）にご記入くださいませ。 不正注文時のキャンセルについて 不正購入と判断した場合にはご注文を取り消しさせて頂く可能性がございます。 商品の出荷時期について ご購入の際、「ご購入手続きへ」のボタンをクリック後 すぐに注文完了まで行かず、お買い物かごへ入れた状態のまま 後日、改めて注文完了までの手続きをいただいた場合、 お客様の購入履歴におきまして、 「商品名に記載の出荷時期」と 「出荷時期について：」の欄に記載の出荷時期とに 相違がある場合がございます。 この相違に関しましては、商品がお買い物カゴに入った期間にて、 その商品の情報に変更があり、その状態にて注文完了されますと、 「出荷時期について：」の欄に記載している出荷時期に関しては 最新の情報に更新されずに残ってしまうという、システムの仕様 に起因するものとなっています。 したがいまして、上記のケースが発生している状況にて、 購入履歴にて出荷時期を確認されます場合は、 「商品名に記載しております出荷時期」が正しい情報となります。 その点なにとぞご了承のほど、お願い申し上げます。,https://item.rakuten.co.jp/kumamoto-food/10002922/
27,【送料無料】ワンデーアキュビュートゥルーアイ 90枚パック 2箱セット(30枚入x6箱) 両眼3ヶ月分(ジョンソン・エンド・ジョンソン 1DAY 1日使い捨てコンタクトレンズ),27,12450,"製品情報 製品名 ワンデーアキュビュートゥルーアイ 90枚パック 内容量 30枚入り×3箱 装用期間 1日 BC（ベースカーブ） 9.0mm / 8.5mm DIA（直径） 14.2mm 含水率 46％ 製造国 アメリカ合衆国 又は アイルランド共和国 区分 高度医療機器 医療機器承認番号 22200BZX00226000 広告文責 有限会社ブレンステム TEL:06-6455-8036 「高度管理医療機器等販売業許可証」取得（許可番号：第N02704号）※当店では改正薬事法に基づいた法令遵守体制を実践しております。 ご注意事項 当ページでのご注文は「処方箋なし」ですが、受診された「医療機関名(眼科等)」の入力は必須となります。 「アキュビュー」シリーズを除く製品は全品「処方箋不要」「眼科名の入力不要」にてご購入いただけます。 コンタクトレンズは高度管理医療機器です。取り扱い方法を守り正しくご使用ください。お客様の目の健康と安全を考え、定期検査は必ずお受けくださいますようお願いいたします。 コンタクトレンズ使用による眼のトラブルに関して、弊社は医療上の責任を一切負いません。 ※ご注文内容により、メーカー直送にて発送させていただく場合がございます。 製品に関するお問い合わせ先 販売元 ジョンソン・エンド・ジョンソン株式会社 お問い合わせ窓口 0120-132-308　受付時間：9:00-17:30（日・祝日を除く）処方箋の提出あり 処方箋のご提出でよりお得にご購入！ ▼ 30枚パックはこちら 1箱(30枚入)1箱でも2,363円 2箱セット(両眼1ヶ月分)1箱あたり2,317円 4箱セット(両眼2ヶ月分)1箱あたり2,200円 6箱セット(両眼3ヶ月分)1箱あたり2,195円 8箱セット(両眼4ヶ月分)1箱あたり2,190円 ▼ 90枚パックはこちら 1箱(30枚入x3)30枚あたり2,032円 2箱セット(両眼3ヶ月分)30枚あたり1,686円 4箱セット(両眼6ヶ月分)30枚あたり2,027円 6箱セット(両眼9ヶ月分)30枚あたり2,022円 8箱セット(両眼1年分)30枚あたり2,017円 眼科名の入力のみ 処方を受けられた眼科名のご入力でよりお手軽にご購入！ ▼ 30枚パックはこちら 1箱(30枚入)1箱でも2,475円 2箱セット(両眼1ヶ月分)1箱あたり2,445円 4箱セット(両眼2ヶ月分)1箱あたり2,470円 6箱セット(両眼3ヶ月分)1箱あたり2,302円 8箱セット(両眼4ヶ月分)1箱あたり2,297円 ▼ 90枚パックはこちら 1箱(30枚入x3)30枚あたり2,185円 2箱セット(両眼3ヶ月分)30枚あたり2,029円 4箱セット(両眼6ヶ月分)30枚あたり2,180円 6箱セット(両眼9ヶ月分)30枚あたり2,175円 8箱セット(両眼1年分)30枚あたり2,170円 ※上記の価格と実際の販売価格は異なる場合がございます。 各商品ページの販売価格が正しい価格となりますので、上記の価格は参考程度にご利用ください。",https://item.rakuten.co.jp/lensawesome/1davte90-02p/
28,【2枚購入で160円OFFクーポン】送料無料 日本製 ホテルスタイルタオル ビッグフェイスタオル 【お試しSALE】 楽天1位受賞 / 約40×100cm タオル 大判 フェイスタオル 小さめ バスタオル 厚手 吸水 1枚 ポイント消化 SALE,28,680,【5/25 20:00～5/26 11:59】 メーカー希望小売価格　759円のところ タイムバーゲン　680円　送料無料 　　↓　↓　↓　↓　　 2枚購入＆クーポン利用で160円OFF！ ＜1枚当たり600円＞ クーポンご利用について ※本クーポンはこちらのページからのご購入以外はお使いいただけません。 ※クーポンを取得後、お買い物ください。 ※クーポン利用をお忘れの場合、ご注文確定後の割引はお承けできません。 必ず、注文画面でクーポン利用を選択し、割引が反映されているかご確認をお願いします。 ※ポイントは値引き価格から計算されます。 ＞さらに詳しいクーポンの使い方はこちら！ ※お一人様2枚までのご購入限定です。 3枚以上ご購入の場合キャンセルさせて頂きます。ご了承下さい。 ＞3枚目からのご購入はこちら ■メール便送料無料対象商品です■ ・メール便送料無料対象商品は【メール便1通または2通】でのお届けです。 ・ご注文の数量により、メール便2通を超えた場合は宅配便（送料無料）となります。 ・メール便はご在宅、ご不在に関わらず直接ポストへの投函になる為【配送の日時指定】は不可です。 ・ポストに入らない場合は1通ずつ不在連絡票がポストへ投函されます。 ・発送日から約3〜4日程度でポストに投函されます。 ・宅配ボックスをご利用の場合は配送の備考欄にその旨をご記入下さい。 ・当店では原則としてメール便配送をご指定頂けません。 ■生産地：日本（大阪泉州タオル） ■ビッグフェイスタオル：約40×100cm ■素材：綿100％ ■重量：約177g／枚 ■厚さ：厚手 ■内容：1枚 ■春限定カラー:ミモザ■ もうすぐ売り切れ！販売終了 ■夏限定カラー:アッシュブルー■ 6月4日(金)20:00より販売開始。 8月末まで販売予定です。 ■お取扱いについて■ 濃色のタオルは特に色落ちしやすいため、ほかの物と分けてお洗濯下さい。 タオルの特性上、多少毛羽落ち致します。 ＞「タオルのお手入れについて」をご確認下さい。 ＞【送料無料】スタンダードフェイスはこちら ＞ホテルタオルのアイテム一覧はこちら ＞【送料無料満載】バーゲン会場はこちら メーカー希望小売価格はメーカーカタログに基づいて掲載しています 【カタログダウンロードはこちら】＼クーポン利用期間　5/25 20:00～5/26 11:59／ メーカー希望小売価格　759円のところ タイムバーゲン　680円　送料無料 　　↓　↓　↓　↓　　 2枚購入＆クーポン利用で160円OFF！ ＜1枚当たり600円＞ ※クーポン利用をお忘れの場合、ご注文確定後の割引はお承けできません。 必ず、注文画面でクーポン利用を選択し、割引が反映されているかご確認をお願いします。 ※お一人様3枚以上はご購入頂けません。 ▼受賞歴▼ 楽天Shop of the year 2019　日用品雑貨手芸旅行用品ジャンル大賞 楽天Shop of the year 2018　日用品雑貨手芸旅行用品ジャンル大賞 楽天Shop of the year 2017　日用品雑貨手芸旅行用品ジャンル大賞 楽天Shop of the year 2016　日用品雑貨手芸旅行用品ジャンル大賞 楽天Shop of the year 2015　日用品雑貨手芸旅行用品ジャンル大賞 楽天Shop of the year 2013　日用品雑貨手芸旅行用品ジャンル大賞 楽天Shop of the year 2012　日用品雑貨文房具手芸ジャンル大賞 楽天Shop of the year 2011　キッチン日用品雑貨文具ジャンル賞 楽天Shop of the year 2010　キッチン日用品雑貨文具ジャンル賞 楽天Shop of the year 2009　キッチン日用品雑貨文具ジャンル賞 ■夏限定カラー:アッシュブルー■ 6月4日(金)20:00より販売スタート ▼ホテルタオル 季節限定カラー▼ ▼ ホテルタオルに待望のミニバスサイズが登場！▼ ＞ホテルタオルのアイテム一覧はこちら！ ＞【送料無料】大感謝価格！スタンダードサイズのフェイスタオルはこちら ■ご注意■ ・実物の色をできるだけ表示するようにしていますが、多少カラーに違いが生じることがあります。 　また、お客様のPC環境により多少の違いが生じる場合があります。ご了承下さい。 ・システムの都合上、ランキングや購入履歴などのカゴ画像表示は、既に終了したセール画像が残り、 紛らわしい表示になっている場合がございます。 価格を確認の上、ご購入下さいますようお願いします。,https://item.rakuten.co.jp/toucher-home/10000264/
29,送料無料！吉野家 冷凍牛丼の具120g×28袋【総合1位】,29,11988,"製品仕様 名称 冷凍牛丼の具28袋 内容量 120g(タレを含む 肉：48％ 玉ねぎ:22%) ×28袋 賞味期限 製造日含む365日（ 賞味期限残存6ヶ月以上の商品でのお届けとなります ） 保存方法 -18℃以下で保存してください。 原材料/商品内容 牛肉、タレ（砂糖、醤油、粉末醤油、ワイン、食塩、醤油加工品、生姜、オニオンエキス、にんにく、ホワイトペッパー）玉ねぎ/酒精、調味料（アミノ酸等）、カラメル色素、酸味料（一部に小麦・牛肉・大豆・りんごを含む） 成分 263kcal/1袋あたり たんぱく質：11.9g　脂質：21.4g　炭水化物：5.8g　食塩相当量：1.9g 商品説明 吉野家の牛丼が、お店の味をそのままに冷凍牛丼として登場。徹底した品質管理とこだわりの食材で美味しさを追求した1品です。 調理方法 500W/約3分 600W/約2分30秒 湯せん/約4分 パッケージの寸法&#8195;HXWXD 約17.3&#13213;＊約14.3cm＊約1.0cm 原産地 牛肉（アメリカ・カナダ・他）、玉ねぎ（日本・アメリカ） 特定アレルギー物質 牛肉、大豆、小麦、りんご吉野家 冷凍 紅生姜5袋セット 1,080円(税込) 吉野家 冷凍 お新香4袋セット 1,080円(税込) 吉野家 キムチ3袋セット 1,080円(税込)",https://item.rakuten.co.jp/yoshinoya-shop/650128_2/
30,送料無料 ケトル 電気ケトル ポット 【あす楽14時まで】バルミューダ ザ・ポット ポイント5倍BALMUDA The Pot [ K02A-BK K02A-WH ]電気ポット おしゃれ ポット 湯沸かしポット◇コーヒー 結婚祝い 家電 キッチン家電 新生活,30,12100,ギフト対応■ブランド　BALMUDA■サイズ　(約)幅26.9×奥行14.2×高さ19.4cm　コード長：約1.3m■重　さ　約0.9kg■容　量　最大0.6L■素　材　樹脂、シリコン、POM、SUS＋粉体塗装、アクリル■電源電圧　AC100V 50/60Hz■消費電力　1200W■備　考　湯沸かし時間：180±30秒　空焚き防止機能　自動電源オフ　本体は高温になります。　触るとヤケドの恐れがあります。お気をつけください。■保証期間　お買い上げから1年間■パッケージ　茶箱入り：幅22.4×奥行22.4×高さ24.2cm　約1.3kg■商品名バルミューダ ザ・ポット BALMUDA The Pot [K02A-BK/K02A-WH]■キャンペーン送料無料■カラー黒 白 ブラック ホワイト■テイストシンプル おしゃれ カフェ かわいい■用途・シーン電気ケトル やかん ポット 湯沸かしポット ポット 電気 湯沸かし器 電気ポット ケトル 半分、青い。製品開発部分原案 半分青い■JANコード・型番4560330117718 4560330117725こちらの商品は送料無料です。こちらの商品はラッピングを承ります。お気軽にお申し付け下さい。小さくて美しい電気ケトル BALUMUDA The Pot は毎日使いたくなる、今までにない美しいデザインの電気ケトルです。ちょっと小ぶりな600mlは、コーヒー3杯、カップラーメン2杯分にちょうどいい。よく使う量に合わせたサイズで設計されました。出したままにすることが多い電気ケトルだからこそ、小さなスペースに収まる方がいい。湯沸かしだって手軽です。 爆発的なヒット商品となった、同社製の BALUMUDA The Toaster とのトータルコーディネートを意識したデザイン。物が溢れてごちゃごちゃしがちなキッチンに統一感が生まれ、すっきりと見せることができます。美しい質感とほんのり光る灯台のような電源ランプが1日に何度も繰り返す湯を沸かす時間を楽しくします。 また、研究しつくされたハンドルと注ぎやすいノズルの形が、気持ちいいくらいの注ぎごこちを実現しました。コーヒーのハンドドリップはもちろん、湯を注ぐことが今よりもっと楽しくなります。ゆっくりとコーヒーを淹れる贅沢な時間や、お客さまの目の前でお茶を淹れるもてなし。BALUMUDA The Potで、素晴らしいひとときをお楽しみください。 気持ちいいハンドリングと注ぎごこち。 研究しつくされたハンドルと注ぎやすいノズルの形が気持ちいいくらいの注ぎごこちを実現しました。コーヒーのハンドドリップは湯を注ぐときのコントロールが難しいとされますが、BALUMUDA The Pot なら、そんな微調節も自在です。湯を出しやすく、止めやすい。湯を注ぐことが今までよりもっと楽しくなります。 楽天あんしん延長保証対象,https://item.rakuten.co.jp/plywoodfurniture/14949004/
